dynamics_loss_epoch,dynamics_loss_step,epoch,initial_omega_loss_epoch,initial_omega_loss_step,initial_theta_loss_epoch,initial_theta_loss_step,step,train_loss_epoch,train_loss_step
,0.02252878062427044,0,,0.10139123350381851,,0.22249442338943481,49,,0.3464144429004117
0.057966772466897964,,0,0.10003076493740082,,0.31158432364463806,,62,0.469581825843793,
,0.02927207760512829,1,,0.13527421653270721,,0.1743914783000946,99,,0.3389377717441054
0.019655337557196617,,1,0.13432975113391876,,0.17567846179008484,,125,0.32966360028475694,
,0.006353843491524458,2,,0.12701374292373657,,0.18438220024108887,149,,0.31774978535372705
0.014910620637238026,,2,0.13876250386238098,,0.1707279086112976,,188,0.324401019171434,
,0.022805096581578255,3,,0.14401313662528992,,0.16485220193862915,199,,0.3316704367826563
,0.002088739536702633,3,,0.13941361010074615,,0.16977733373641968,249,,0.31127967567749437
0.012029293924570084,,3,0.13969269394874573,,0.16959987580776215,,251,0.3213218246680128,
,0.0016104616224765778,4,,0.1343025416135788,,0.17573244869709015,299,,0.31164545312534825
0.010557673871517181,,4,0.14193135499954224,,0.16728132963180542,,314,0.319770374780844,
,0.0019141798838973045,5,,0.1398305594921112,,0.1694609671831131,349,,0.31120570156709115
0.00993402861058712,,5,0.14427754282951355,,0.16517692804336548,,377,0.3193884728036167,
,0.020526686683297157,6,,0.16159887611865997,,0.14710617065429688,399,,0.3292317317260355
0.00896852370351553,,6,0.14487619698047638,,0.16450853645801544,,440,0.3183532711220777,
,0.007901221513748169,7,,0.1477503776550293,,0.1608130782842636,449,,0.31646467080963175
,0.014649846591055393,7,,0.12767383456230164,,0.18362045288085938,499,,0.32594413596266647
0.008196691051125526,,7,0.14634491503238678,,0.16349679231643677,,503,0.31803840413074286,
,0.013602008111774921,8,,0.13764247298240662,,0.17191137373447418,549,,0.32315584435007516
0.007601586170494556,,8,0.1460290253162384,,0.16379575431346893,,566,0.31742633608328447,
,0.00344684231095016,9,,0.15841208398342133,,0.15030540525913239,599,,0.31216433284070666
0.007140347268432379,,9,0.1461406797170639,,0.16273759305477142,,629,0.3160186204496065,
,0.005085266660898924,10,,0.15907178819179535,,0.14995898306369781,649,,0.3141160438009658
0.00663498230278492,,10,0.1468140184879303,,0.1622237116098404,,692,0.31567269984284463,
,0.010973160155117512,11,,0.15369336307048798,,0.15500886738300323,699,,0.31967538707712195
,0.00944164115935564,11,,0.1589147448539734,,0.14972685277462006,749,,0.3180832436523243
0.006637114100158215,,11,0.1468103677034378,,0.16262367367744446,,755,0.316071131554061,
,0.013807443901896477,12,,0.14905564486980438,,0.1598142385482788,799,,0.3226773203313337
0.0059833768755197525,,12,0.1485290229320526,,0.16051264107227325,,818,0.3150250139157773,
,0.003104213625192642,13,,0.15603411197662354,,0.15249003469944,849,,0.3116283582136025
0.0057622347958385944,,13,0.14799994230270386,,0.1611798256635666,,881,0.3149419960162647,
,0.0009737501386553049,14,,0.15015606582164764,,0.1584242284297943,899,,0.30955404863049346
0.00533795403316617,,14,0.1482262909412384,,0.16063882410526276,,944,0.3142030281943914,
,0.011039110831916332,15,,0.13532765209674835,,0.1743449568748474,949,,0.3207117202150249
,0.007266679313033819,15,,0.15113238990306854,,0.15735463798046112,999,,0.3157537021193387
0.005380738992244005,,15,0.1489216387271881,,0.16006235778331757,,1007,0.3143647570727148,
,0.005637248512357473,16,,0.15119393169879913,,0.15736034512519836,1049,,0.3141915219930621
0.005246099084615707,,16,0.14903542399406433,,0.1597146838903427,,1070,0.3139962489559463,
,0.0011458847438916564,17,,0.14373661577701569,,0.16523896157741547,1099,,0.31012146415263603
0.005090741906315088,,17,0.14887535572052002,,0.16001668572425842,,1133,0.31398281404212,
,0.004171485546976328,18,,0.16377130150794983,,0.14551229774951935,1149,,0.3134550856781725
0.005058244802057743,,18,0.1496991068124771,,0.15940441191196442,,1196,0.3141617324560761,
,0.0012856891844421625,19,,0.14009857177734375,,0.16921278834342957,1199,,0.3105970598808918
,0.0022345217876136303,19,,0.14065957069396973,,0.16852755844593048,1249,,0.3114216440287293
0.004895052406936884,,19,0.14883998036384583,,0.16010388731956482,,1259,0.3138389025527341,
,0.003678350942209363,20,,0.1562996208667755,,0.15229563415050507,1299,,0.3122736065111905
0.004544881172478199,,20,0.14977039396762848,,0.15887422859668732,,1322,0.3131894798584346,
,0.010476128198206425,21,,0.15173882246017456,,0.1567467600107193,1349,,0.31896171387781874
0.004431422334164381,,21,0.14901894330978394,,0.15976901352405548,,1385,0.31321938237235164,
,0.0019498339388519526,22,,0.14549627900123596,,0.16348586976528168,1399,,0.3109319823527241
0.004325037822127342,,22,0.14978083968162537,,0.1589261293411255,,1448,0.3130319798009008,
,0.0018627395620569587,23,,0.1498730480670929,,0.15862354636192322,1449,,0.31035934067745113
,0.009760657325387001,23,,0.15825149416923523,,0.1505538821220398,1499,,0.31856602015803814
0.004263975657522678,,23,0.14988060295581818,,0.15883322060108185,,1511,0.31297780140273257,
,0.004228625912219286,24,,0.14845435321331024,,0.16008105874061584,1549,,0.31276403714954476
0.004143972881138325,,24,0.1503746658563614,,0.1583469808101654,,1574,0.312865615699335,
,0.005432437174022198,25,,0.15413446724414825,,0.15433518588542938,1599,,0.3139020915184343
0.0039869253523647785,,25,0.14965549111366272,,0.1590024083852768,,1637,0.3126448341879023,
,0.0016314095119014382,26,,0.14038467407226562,,0.1699361354112625,1649,,0.31195221978952237
,0.006650350987911224,26,,0.14595338702201843,,0.1629234403371811,1699,,0.3155271771388738
0.0039650616236031055,,26,0.15000198781490326,,0.15876774489879608,,1700,0.31273476283124396,
,0.0014977946411818266,27,,0.15416115522384644,,0.1543608456850052,1749,,0.31001979473098296
0.003897062037140131,,27,0.15061254799365997,,0.1581069380044937,,1763,0.31261652561504166,
,0.0021696952171623707,28,,0.14944292604923248,,0.1590956747531891,1799,,0.31070830679142836
0.0037790914066135883,,28,0.15043215453624725,,0.15853993594646454,,1826,0.3127511856782559,
,0.0018284466350451112,29,,0.15498754382133484,,0.15344001352787018,1849,,0.3102559981393727
0.003709847340360284,,29,0.15033309161663055,,0.1583496779203415,,1889,0.3123925977209642,
,0.003863027784973383,30,,0.14239993691444397,,0.16656528413295746,1899,,0.31282825746770854
,0.0060606449842453,30,,0.15774130821228027,,0.15085811913013458,1949,,0.31466007182046996
0.0036993781104683876,,30,0.1505458801984787,,0.158210888504982,,1952,0.3124561362090381,
,0.002207731595262885,31,,0.14617103338241577,,0.1625296026468277,1999,,0.31090836624526474
0.003721528919413686,,31,0.15092965960502625,,0.15790261328220367,,2015,0.3125538187814564,
,0.004595219623297453,32,,0.14799043536186218,,0.16056400537490845,2049,,0.3131496574296584
0.0035344455391168594,,32,0.15000179409980774,,0.15868596732616425,,2078,0.31222221155812085,
,0.004904305562376976,33,,0.1467217206954956,,0.16220064461231232,2099,,0.31382667237102635
0.0033883273135870695,,33,0.15104244649410248,,0.1576671451330185,,2141,0.3120978993045125,
,0.0028694074135273695,34,,0.15744812786579132,,0.1511327028274536,2149,,0.31145024337771
,0.004185422323644161,34,,0.14239078760147095,,0.1667516529560089,2199,,0.31332787312276333
0.0035197464749217033,,34,0.1501666009426117,,0.15854567289352417,,2204,0.3122319884453345,
,0.004287028685212135,35,,0.14869803190231323,,0.15982919931411743,2249,,0.3128142564465795
0.0034194712061434984,,35,0.15097969770431519,,0.15772077441215515,,2267,0.3121199026776967,
,0.0072714220732450485,36,,0.15123029053211212,,0.157229483127594,2299,,0.3157311926942005
0.003473691875115037,,36,0.1508387178182602,,0.15781345963478088,,2330,0.31212589196328344,
,0.0040922085754573345,37,,0.16335676610469818,,0.1453516036272049,2349,,0.3128005844071521
0.0034376459661871195,,37,0.1509246677160263,,0.15778563916683197,,2393,0.3121479633664527,
,0.004067577887326479,38,,0.13802319765090942,,0.17162999510765076,2399,,0.31372077774505464
,0.004257775377482176,38,,0.1520504355430603,,0.15650299191474915,2449,,0.31281121549454394
0.0033290849532932043,,38,0.15079207718372345,,0.1580292284488678,,2456,0.31215035830737103,
,0.0025016027502715588,39,,0.15529300272464752,,0.1531364619731903,2499,,0.310931061079747
0.003214792814105749,,39,0.15116910636425018,,0.15775884687900543,,2519,0.31214274306266465,
,0.005552083719521761,40,,0.16469033062458038,,0.14410826563835144,2549,,0.3143506733442066
0.003392744343727827,,40,0.15086016058921814,,0.15789058804512024,,2582,0.31214348592341684,
,0.002371815498918295,41,,0.13694126904010773,,0.17250964045524597,2599,,0.311822734492273
0.0032717392314225435,,41,0.15080218017101288,,0.15799912810325623,,2645,0.3120730380434568,
,0.0039035885129123926,42,,0.15231312811374664,,0.1561543494462967,2649,,0.31237105599879356
,0.004778810776770115,42,,0.15017271041870117,,0.15832291543483734,2699,,0.31327444720792463
0.00322015886195004,,42,0.15078775584697723,,0.15792487561702728,,2708,0.31193278789614,
,0.004836102016270161,43,,0.1477949619293213,,0.16091647744178772,2749,,0.31354755366698595
0.0031417382415384054,,43,0.1513979732990265,,0.15736441314220428,,2771,0.3119041245812632,
,0.002294758800417185,44,,0.13849583268165588,,0.17079254984855652,2799,,0.3115831311963561
0.0031034895218908787,,44,0.15101800858974457,,0.1577233076095581,,2834,0.31184482094953203,
,0.004464341793209314,45,,0.15097352862358093,,0.1576068103313446,2849,,0.31304468062630103
0.0030576521530747414,,45,0.15094473958015442,,0.15773046016693115,,2897,0.311732879058115,
,0.0014069569297134876,46,,0.15816013514995575,,0.1503557562828064,2899,,0.30992285259913505
,0.0034125943202525377,46,,0.14950253069400787,,0.1590343415737152,2949,,0.3119494564196418
0.003129358869045973,,46,0.15120011568069458,,0.15757299959659576,,2960,0.31190244928070165,
,0.004560738801956177,47,,0.15098711848258972,,0.15753059089183807,2999,,0.3130784475897246
0.003071750048547983,,47,0.15132462978363037,,0.1573137640953064,,3023,0.31171013408689247,
,0.0026690715458244085,48,,0.15307316184043884,,0.15639711916446686,3049,,0.3121393550682686
0.0032127683516591787,,48,0.15035611391067505,,0.15851736068725586,,3086,0.31208628001242067,
,0.0022776909172534943,49,,0.15415073931217194,,0.15428335964679718,3099,,0.3107117983938555
,0.005198792554438114,49,,0.15738806128501892,,0.15144531428813934,3149,,0.31403217447876197
0.003136036917567253,,49,0.15161925554275513,,0.1570301055908203,,3149,0.31178543656129104,
,0.0033892588689923286,50,,0.16573230922222137,,0.14347006380558014,3199,,0.312591637283803
0.0029935846105217934,,50,0.15095654129981995,,0.15776124596595764,,3212,0.31171137665228454,
,0.004584013018757105,51,,0.158561110496521,,0.1514369398355484,3249,,0.31458205211565116
0.003194051794707775,,51,0.15103885531425476,,0.1577201634645462,,3275,0.31195307990063814,
,0.001420922577381134,52,,0.15278038382530212,,0.15566371381282806,3299,,0.3098650113005348
0.003044872311875224,,52,0.1511484533548355,,0.15767407417297363,,3338,0.311867418222289,
,0.0026661930605769157,53,,0.15003333985805511,,0.15866835415363312,3349,,0.31136788685038186
,0.002540760673582554,53,,0.15103277564048767,,0.1577269583940506,3399,,0.3113005001369685
0.002940031001344323,,53,0.1514609158039093,,0.15726280212402344,,3401,0.31166377615130264,
,0.005577862728387117,54,,0.14963951706886292,,0.15926918387413025,3449,,0.31448655693416644
0.0030905494932085276,,54,0.15135490894317627,,0.15736764669418335,,3464,0.31181309197029966,
,0.0029202825389802456,55,,0.15720659494400024,,0.15204580128192902,3499,,0.3121726802416397
0.0030132895335555077,,55,0.1507616937160492,,0.15804971754550934,,3527,0.3118247447290485,
,0.0008181799785234034,56,,0.15444786846637726,,0.1541987955570221,3549,,0.3094648495449759
0.0029347706586122513,,56,0.15146991610527039,,0.1572573035955429,,3590,0.31166196585252914,
,0.0036901861894875765,57,,0.15222956240177155,,0.15655803680419922,3599,,0.3124777890665479
,0.0019518673652783036,57,,0.15542498230934143,,0.15325342118740082,3649,,0.3106302731653127
0.002771424362435937,,57,0.15122146904468536,,0.15742962062358856,,3653,0.311422549765779,
,0.002112890128046274,58,,0.15476584434509277,,0.15401916205883026,3699,,0.31089789135567275
0.002845373470336199,,58,0.15153385698795319,,0.15713341534137726,,3716,0.31151266275123296,
,0.0016036247834563255,59,,0.15997709333896637,,0.1486794799566269,3749,,0.31026020583493275
0.0028545453678816557,,59,0.15133360028266907,,0.15726260840892792,,3779,0.3114508027176985,
,0.0007170884637162089,60,,0.1529826819896698,,0.15586577355861664,3799,,0.3095655425786249
0.002938422840088606,,60,0.15148106217384338,,0.15721042454242706,,3842,0.31162991049486616,
,0.0032139639370143414,61,,0.15592053532600403,,0.15252046287059784,3849,,0.31165495656735887
,0.0041361101903021336,61,,0.14858181774616241,,0.15999816358089447,3899,,0.31271608672047535
0.00280151073820889,,61,0.15113532543182373,,0.15741686522960663,,3905,0.3113536876077124,
,0.0022055115550756454,62,,0.15159577131271362,,0.15685589611530304,3949,,0.31065719002165315
0.0027102469466626644,,62,0.1512245535850525,,0.1575339287519455,,3968,0.3114687058584332,
,0.0021086186170578003,63,,0.1632276177406311,,0.1455126404762268,3999,,0.3108488833359242
0.002781537128612399,,63,0.15110813081264496,,0.15754534304141998,,4031,0.3114350182265991,
,0.0017002384411171079,64,,0.16282398998737335,,0.14584693312644958,4049,,0.3103711612522302
0.002701110439375043,,64,0.15147335827350616,,0.15715950727462769,,4094,0.31133398768454573,
,0.0031372522935271263,65,,0.15207335352897644,,0.1568671315908432,4099,,0.3120777366628342
,0.0005441847024485469,65,,0.1518523097038269,,0.1566968560218811,4149,,0.3090933498398968
0.0027972112875431776,,65,0.15144892036914825,,0.15726307034492493,,4157,0.31150916317633265,
,0.002043874002993107,66,,0.14752687513828278,,0.16111724078655243,4199,,0.3106879919708884
0.0026954098138958216,,66,0.15180116891860962,,0.1569581776857376,,4220,0.3114547342627233,
,0.0029533228371292353,67,,0.15338820219039917,,0.1554425209760666,4249,,0.3117840452705395
0.0028514775913208723,,67,0.15096434950828552,,0.15776783227920532,,4283,0.31158364472727484,
,0.00217229500412941,68,,0.1465684026479721,,0.16210418939590454,4299,,0.31084489117164976
0.0025435620918869972,,68,0.1518133580684662,,0.15684087574481964,,4346,0.31119780164915417,
,0.003265420673415065,69,,0.15287970006465912,,0.15558525919914246,4349,,0.31173038040903794
,0.0012054842663928866,69,,0.14553532004356384,,0.1631840616464615,4399,,0.3099248781266204
0.0026372733991593122,,69,0.15151828527450562,,0.15709799528121948,,4409,0.3112535760431568,
,0.004503565840423107,70,,0.16026438772678375,,0.14863719046115875,4449,,0.3134051376947471
0.002739264164119959,,70,0.1512923687696457,,0.157456636428833,,4472,0.3114882734324426,
,0.002864212729036808,71,,0.15191029012203217,,0.15660566091537476,4499,,0.3113801679685304
0.002504879143089056,,71,0.15164606273174286,,0.1570149064064026,,4535,0.3111658844583498,
,0.0027911257930099964,72,,0.15327635407447815,,0.15515196323394775,4549,,0.31121945543031415
0.0026650922372937202,,72,0.1515948474407196,,0.15708918869495392,,4598,0.31134914939972314,
,0.0013117719208821654,73,,0.15665771067142487,,0.15189634263515472,4599,,0.3098658216168902
,0.004773861728608608,73,,0.15450505912303925,,0.15393055975437164,4649,,0.3132094782256726
0.002713101916015148,,73,0.15191324055194855,,0.15677502751350403,,4661,0.3114013866965257,
,0.0019357004202902317,74,,0.1519690454006195,,0.1565743237733841,4699,,0.31047907084689075
0.002493149135261774,,74,0.1514100879430771,,0.1571406126022339,,4724,0.31104382633208183,
,0.0026915513444691896,75,,0.15313567221164703,,0.1553257703781128,4749,,0.31115300128825174
0.002436051145195961,,75,0.1516556441783905,,0.15690521895885468,,4787,0.3109968883442531,
,0.004652326460927725,76,,0.15743111073970795,,0.1510332226753235,4799,,0.31311666861025145
,0.0031618333887308836,76,,0.14500896632671356,,0.16383787989616394,4849,,0.31200867195281895
0.0024379997048527002,,76,0.15153539180755615,,0.15704785287380219,,4850,0.31102126157370713,
,0.0033569904044270515,77,,0.14945051074028015,,0.15936137735843658,4899,,0.31216888146360683
0.002406103303655982,,77,0.15215741097927094,,0.1564154326915741,,4913,0.31097889879498,
,0.0019662838894873857,78,,0.15581834316253662,,0.15263348817825317,4949,,0.3104181115638376
0.002387064043432474,,78,0.15154890716075897,,0.15700195729732513,,4976,0.3109379694371207,
,0.0018179931212216616,79,,0.1512797623872757,,0.15717411041259766,4999,,0.31027186050854605
0.0023944824934005737,,79,0.15185116231441498,,0.15677516162395477,,5039,0.3110208044972425,
,0.002244810573756695,80,,0.15666840970516205,,0.15177632868289948,5049,,0.3106895506838617
,0.002060449216514826,80,,0.1523105502128601,,0.15616537630558014,5099,,0.31053638332397054
0.0025289366021752357,,80,0.15193012356758118,,0.15665549039840698,,5102,0.3111145612806063,
,0.0015949293738231063,81,,0.15032657980918884,,0.15836483240127563,5149,,0.31028633996803795
0.002253925893455744,,81,0.1516638845205307,,0.15702523291110992,,5165,0.31094305839025344,
,0.004196694120764732,82,,0.1589406579732895,,0.14958055317401886,5199,,0.31271791142843136
0.0022569610737264156,,82,0.151724711060524,,0.15680798888206482,,5228,0.3107896259264101,
,0.002603655681014061,83,,0.15439754724502563,,0.15403564274311066,5249,,0.3110368364761889
0.002332974225282669,,83,0.15223151445388794,,0.15633732080459595,,5291,0.3109018459981509,
,0.0013279038248583674,84,,0.15428735315799713,,0.15418881177902222,5299,,0.3098040630297428
,0.0035304289776831865,84,,0.1490316390991211,,0.15961170196533203,5349,,0.3121737711722992
0.002309587085619569,,84,0.1515229046344757,,0.15705202519893646,,5354,0.31088450614770397,
,0.0014061094261705875,85,,0.14645741879940033,,0.16226966679096222,5399,,0.3101331906367614
0.00226075598038733,,85,0.15198595821857452,,0.1566351056098938,,5417,0.31088178625067897,
,0.0021582806948572397,86,,0.1486872136592865,,0.15984109044075012,5449,,0.31068659294674744
0.0023241122253239155,,86,0.15209780633449554,,0.1564771682024002,,5480,0.31089908156837326,
,0.001161683932878077,87,,0.14989778399467468,,0.15862908959388733,5499,,0.3096885633713933
0.002256900304928422,,87,0.15176156163215637,,0.15679657459259033,,5543,0.31081504189234976,
,0.0013006532099097967,88,,0.152546688914299,,0.1559259444475174,5549,,0.30977328918906566
,0.002256086328998208,88,,0.15831466019153595,,0.1501770317554474,5599,,0.3107477741144677
0.002252466045320034,,88,0.15211288630962372,,0.15641850233078003,,5606,0.3107838602995549,
,0.0019701234996318817,89,,0.14810778200626373,,0.16044431924819946,5649,,0.3105222229920325
0.0023351693525910378,,89,0.15192578732967377,,0.15665575861930847,,5669,0.3109166778417689,
,0.002121981931850314,90,,0.15349656343460083,,0.15497121214866638,5699,,0.31058975691992896
0.0021835402585566044,,90,0.15200762450695038,,0.1565645933151245,,5732,0.3107557969595261,
,0.002992047928273678,91,,0.15978096425533295,,0.14893338084220886,5749,,0.3117063954222992
0.0022239533718675375,,91,0.15187251567840576,,0.15669429302215576,,5795,0.31079071174549483,
,0.0014235759153962135,92,,0.15460559725761414,,0.1540311574935913,5799,,0.31006034377558966
,0.002392259193584323,92,,0.1582973599433899,,0.15020626783370972,5849,,0.3108958919429679
0.002093509305268526,,92,0.15182071924209595,,0.15682677924633026,,5858,0.3107409856003372,
,0.0019692317582666874,93,,0.15005899965763092,,0.15848326683044434,5899,,0.3105115036547534
0.0020527178421616554,,93,0.15234583616256714,,0.1561633050441742,,5921,0.3105618548354705,
,0.0019618594087660313,94,,0.15424591302871704,,0.1542259305715561,5949,,0.31043370551474386
0.0021729031577706337,,94,0.15220437943935394,,0.15629461407661438,,5984,0.31067190903961545,
,0.002527089323848486,95,,0.15475010871887207,,0.15372389554977417,5999,,0.31100108370687696
0.002180372830480337,,95,0.15200652182102203,,0.15658186376094818,,6047,0.31076872818278656,
,0.0019368940265849233,96,,0.15173892676830292,,0.15670819580554962,6049,,0.3103840146611189
,0.0021613091230392456,96,,0.1551264524459839,,0.1534009426832199,6099,,0.3106886934894796
0.0022573526948690414,,96,0.1517355889081955,,0.1568518579006195,,6110,0.31084482615832787,
,0.0021744794212281704,97,,0.15848368406295776,,0.14999979734420776,6149,,0.31065797194860734
0.0021622518543154,,97,0.15222863852977753,,0.15630462765693665,,6173,0.31069556415989524,
,0.001453322358429432,98,,0.15027639269828796,,0.15829342603683472,6199,,0.3100231447826659
0.0020037442445755005,,98,0.15211516618728638,,0.15641145408153534,,6236,0.31053036180671706,
,0.0015840616542845964,99,,0.1604938507080078,,0.14811667799949646,6249,,0.31019458805808847
,0.0016048663528636098,99,,0.15496741235256195,,0.1536339819431305,6299,,0.31020626316456484
0.002231853548437357,,99,0.15208283066749573,,0.1564931720495224,,6299,0.3108078893360512,
,0.0018407806055620313,100,,0.15722928941249847,,0.15123231709003448,6349,,0.31030238947131566
0.0020453310571610928,,100,0.15233264863491058,,0.1562453657388687,,6362,0.3106233460242354,
,0.001464479835703969,101,,0.14865897595882416,,0.16002418100833893,6399,,0.3101476386323907
0.0020658972207456827,,101,0.1522231251001358,,0.15639014542102814,,6425,0.3106791932531219,
,0.002104758284986019,102,,0.15330059826374054,,0.155155748128891,6449,,0.31056110128046643
0.0020472523756325245,,102,0.15184345841407776,,0.15671668946743011,,6488,0.3106074137122056,
,0.0035276967100799084,103,,0.15319831669330597,,0.15523108839988708,6499,,0.31195709497921364
,0.0022585177794098854,103,,0.1514352560043335,,0.15701687335968018,6549,,0.31071064322653985
0.0020510719623416662,,103,0.15216539800167084,,0.15636704862117767,,6551,0.3105835186965165,
,0.0009683772805146873,104,,0.14651872217655182,,0.16211064159870148,6599,,0.30959774129074324
0.0020531953778117895,,104,0.15225262939929962,,0.1563132107257843,,6614,0.3106190753061029,
,0.0025488457176834345,105,,0.1444261372089386,,0.16432923078536987,6649,,0.3113042174207405
0.0019753878004848957,,105,0.1524980217218399,,0.15605022013187408,,6677,0.3105236342680579,
,0.0019048333633691072,106,,0.15245386958122253,,0.15604247152805328,6699,,0.31040116190979017
0.001959396293386817,,106,0.1519605666399002,,0.15657250583171844,,6740,0.3104924768195833,
,0.002200976712629199,107,,0.14914634823799133,,0.1594291627407074,6749,,0.3107764811474179
,0.0017456160858273506,107,,0.15665818750858307,,0.15181684494018555,6799,,0.3102206488415493
0.001899873255752027,,107,0.1525673270225525,,0.1559431105852127,,6803,0.31041036069819933,
,0.0017793991137295961,108,,0.15247681736946106,,0.15599335730075836,6849,,0.31024957474006776
0.0018450483912602067,,108,0.15215353667736053,,0.1563398689031601,,6866,0.3103384256344931,
,0.001765902154147625,109,,0.14600832760334015,,0.16267843544483185,6899,,0.31045266315437475
0.002105121500790119,,109,0.15202222764492035,,0.1565554141998291,,6929,0.31068281853816165,
,0.0028894739225506783,110,,0.14830900728702545,,0.16023506224155426,6949,,0.31143354693087116
0.0021910471841692924,,110,0.15195976197719574,,0.15667057037353516,,6992,0.3108213567208938,
,0.0020076679065823555,111,,0.15054385364055634,,0.15792624652385712,6999,,0.3104777665732688
,0.0017145476303994656,111,,0.1518920361995697,,0.15684933960437775,7049,,0.310455917036717
0.0019508356926962733,,111,0.15256690979003906,,0.1560133695602417,,7055,0.31053110299507547,
,0.0017365418607369065,112,,0.14992579817771912,,0.15877936780452728,7099,,0.3104417003960901
0.0019038761965930462,,112,0.15225183963775635,,0.15633037686347961,,7118,0.3104860831372137,
,0.0017489743186160922,113,,0.14677341282367706,,0.1618373543024063,7149,,0.3103597377595032
0.0019461816409602761,,113,0.1523781567811966,,0.15621276199817657,,7181,0.31053706837972955,
,0.0008718090830370784,114,,0.14984631538391113,,0.15871068835258484,7199,,0.3094288049161499
0.0018577936571091413,,114,0.15248115360736847,,0.15604671835899353,,7244,0.31038566302101944,
,0.0018821210833266377,115,,0.14683055877685547,,0.1618422418832779,7249,,0.31055492506417126
,0.0022342160809785128,115,,0.15333320200443268,,0.15509723126888275,7299,,0.31066466077879956
0.0020675351843237877,,115,0.15186306834220886,,0.15671245753765106,,7307,0.310643036001003,
,0.0018210150301456451,116,,0.15768958628177643,,0.15094509720802307,7349,,0.3104556927985399
0.001977053703740239,,116,0.15271590650081635,,0.1558818817138672,,7370,0.3105748566188479,
,0.0012597995810210705,117,,0.15489618480205536,,0.15353332459926605,7399,,0.3096893100103939
0.0018091696547344327,,117,0.15246671438217163,,0.15601983666419983,,7433,0.3102956896358024,
,0.0015878145350143313,118,,0.15511663258075714,,0.15343627333641052,7449,,0.3101407317455429
0.0018987937364727259,,118,0.15208522975444794,,0.15645731985569,,7496,0.31044132784780987,
,0.0012424355372786522,119,,0.15604139864444733,,0.15241873264312744,7499,,0.30970256516455624
,0.0016339775174856186,119,,0.1543125957250595,,0.15412186086177826,7549,,0.3100684400925071
0.0018070258665829897,,119,0.15251648426055908,,0.15600255131721497,,7559,0.3103260583582321,
,0.002538837492465973,120,,0.15247754752635956,,0.15612606704235077,7599,,0.311142443553322
0.0016909888945519924,,120,0.152515709400177,,0.15600857138633728,,7622,0.3102152426847435,
,0.0016703527653589845,121,,0.1570231318473816,,0.1514788419008255,7649,,0.31017233893893953
0.001711177988909185,,121,0.1525583565235138,,0.1559637486934662,,7685,0.3102332906708431,
,0.0019306536996737123,122,,0.14960822463035583,,0.15888775885105133,7699,,0.3104266370360317
0.0018758174264803529,,122,0.15240468084812164,,0.1561918407678604,,7748,0.31047235242926985,
,0.0010255035012960434,123,,0.15643146634101868,,0.15221819281578064,7749,,0.309675153828811
,0.0018201401690021157,123,,0.14759427309036255,,0.16100837290287018,7799,,0.31042279886757496
0.0017014623153954744,,123,0.15248741209506989,,0.15600840747356415,,7811,0.3101973361880837,
,0.0026835137978196144,124,,0.15624773502349854,,0.15226931869983673,7849,,0.31120057935418893
0.001745660905726254,,124,0.15276193618774414,,0.155761256814003,,7874,0.3102688627269299,
,0.001890437793917954,125,,0.1507042795419693,,0.15776270627975464,7899,,0.3103574172739206
0.001667797681875527,,125,0.15238477289676666,,0.15611019730567932,,7937,0.3101627546724397,
,0.001797947334125638,126,,0.15304167568683624,,0.15541070699691772,7949,,0.3102503327016465
,0.001448096358217299,126,,0.15722127258777618,,0.15130183100700378,7999,,0.3099711973529696
0.0019144401885569096,,126,0.15241609513759613,,0.15612970292568207,,8000,0.3104602292810448,
,0.001707612071186304,127,,0.15132269263267517,,0.1571672260761261,8049,,0.3101975355200699
0.0016641872934997082,,127,0.15256433188915253,,0.15601250529289246,,8063,0.31024103231764094,
,0.001473640208132565,128,,0.14873744547367096,,0.15978972613811493,8099,,0.3100008117266772
0.0016587732825428247,,128,0.1524113118648529,,0.1561065912246704,,8126,0.3101766981072545,
,0.0017927584704011679,129,,0.15453431010246277,,0.15390406548976898,8149,,0.31023114365681503
0.001529769622720778,,129,0.15268360078334808,,0.15583398938179016,,8189,0.3100473530478156,
,0.001427210634574294,130,,0.1492309421300888,,0.15927612781524658,8199,,0.3099342777479111
,0.001615771558135748,130,,0.15254880487918854,,0.15588848292827606,8249,,0.31005305721836796
0.0016095539322122931,,130,0.1527814418077469,,0.15572313964366913,,8252,0.31011412067272276,
,0.0011699845781549811,131,,0.1542358547449112,,0.15427497029304504,8299,,0.3096808170986005
0.0016538796480745077,,131,0.15274302661418915,,0.15577299892902374,,8315,0.31016985783724144,
,0.002281591296195984,132,,0.14936791360378265,,0.15920719504356384,8349,,0.3108566972125285
0.0016648595919832587,,132,0.15244364738464355,,0.1560588926076889,,8378,0.3101673984225755,
,0.0024654087610542774,133,,0.15217630565166473,,0.15647399425506592,8399,,0.3111157111113474
0.0016453784191980958,,133,0.1526213139295578,,0.1558787077665329,,8441,0.3101453645925812,
,0.0011413671309128404,134,,0.15144923329353333,,0.15709765255451202,8449,,0.30968826199130817
,0.001033883192576468,134,,0.14974063634872437,,0.15875616669654846,8499,,0.30953068687759855
0.0015441984869539738,,134,0.1527063548564911,,0.15582019090652466,,8504,0.31007072828937626,
,0.0013232274213805795,135,,0.1530427783727646,,0.15542618930339813,8549,,0.3097921968221937
0.0016061327187344432,,135,0.15278546512126923,,0.15572752058506012,,8567,0.31011913488664333,
,0.0022405246272683144,136,,0.1569184958934784,,0.151545912027359,8599,,0.310704926427479
0.0016213733470067382,,136,0.15276984870433807,,0.15573440492153168,,8630,0.31012560167656106,
,0.001642814138904214,137,,0.152474045753479,,0.1559661328792572,8649,,0.31008299559338726
0.0014253937406465411,,137,0.1526288092136383,,0.1558738648891449,,8693,0.30992804613271663,
,0.001051920815370977,138,,0.15376651287078857,,0.15478911995887756,8699,,0.30960756384096627
,0.0017001642845571041,138,,0.14439913630485535,,0.16443070769309998,8749,,0.3105299978430038
0.0015592060517519712,,138,0.15271414816379547,,0.15584297478199005,,8756,0.3101163451505694,
,0.0011396999470889568,139,,0.15397030115127563,,0.1544625461101532,8799,,0.30957255597973793
0.0013678030809387565,,139,0.15274663269519806,,0.1557762175798416,,8819,0.30989067009098586,
,0.001935410313308239,140,,0.14948847889900208,,0.15901760756969452,8849,,0.3104414891710142
0.0015687994891777635,,140,0.15275251865386963,,0.1557469666004181,,8882,0.31006828169646006,
,0.0009220141218975186,141,,0.1464148610830307,,0.16222631931304932,8899,,0.3095631841120876
0.0014405492693185806,,141,0.15269950032234192,,0.15579518675804138,,8945,0.309935241553023,
,0.0012861622963100672,142,,0.153799369931221,,0.15462735295295715,8949,,0.3097128819178649
,0.0015392082277685404,142,,0.1523231714963913,,0.15620239078998566,8999,,0.31006476827134904
0.0016019330359995365,,142,0.15287959575653076,,0.1555856168270111,,9008,0.31006719011796985,
,0.0011005845153704286,143,,0.14880308508872986,,0.15974988043308258,9049,,0.309653552844985
0.0013964020181447268,,143,0.15281790494918823,,0.15566959977149963,,9071,0.3098838982225392,
,0.0010105828987434506,144,,0.15087969601154327,,0.15766911208629608,9099,,0.3095593834063949
0.001506719388999045,,144,0.15285342931747437,,0.15565505623817444,,9134,0.3100152054262909,
,0.0016775693511590362,145,,0.15910257399082184,,0.14976008236408234,9149,,0.3105402240660919
0.0016547280829399824,,145,0.1527060866355896,,0.15584696829319,,9197,0.31020778961089807,
,0.0013578754151239991,146,,0.149278923869133,,0.15925925970077515,9199,,0.30989606539520803
,0.0010762058664113283,146,,0.1513635814189911,,0.15708841383457184,9249,,0.30952819631729034
0.0013602306134998798,,146,0.15293844044208527,,0.15556317567825317,,9260,0.3098617914666405,
,0.0016368472715839744,147,,0.15609198808670044,,0.15234506130218506,9299,,0.3100738967569933
0.0014266971265897155,,147,0.152644544839859,,0.155843123793602,,9323,0.3099144121876092,
,0.001087077776901424,148,,0.15466631948947906,,0.1538882702589035,9349,,0.30964166293433315
0.0013898698380216956,,148,0.15299087762832642,,0.15551266074180603,,9386,0.30989338229504765,
,0.0012302157701924443,149,,0.15230336785316467,,0.15614062547683716,9399,,0.309674215113057
,0.0008953415090218186,149,,0.1551852524280548,,0.15324483811855316,9449,,0.3093254335728965
0.0013475181767717004,,149,0.15301629900932312,,0.15545964241027832,,9449,0.3098233977480222,
,0.0007706782780587673,150,,0.15574857592582703,,0.15268607437610626,9499,,0.3092053293837925
0.0012040352448821068,,150,0.15261085331439972,,0.15585540235042572,,9512,0.30967030643399174,
,0.0032398400362581015,151,,0.15002083778381348,,0.15882709622383118,9549,,0.31208775990290644
0.001552764093503356,,151,0.15295261144638062,,0.15559659898281097,,9575,0.31010196116123634,
,0.0008685574866831303,152,,0.15686574578285217,,0.15163150429725647,9599,,0.30936581804727653
0.0011989390477538109,,152,0.15316987037658691,,0.15531563758850098,,9638,0.3096844919135415,
,0.0011373324086889625,153,,0.15327303111553192,,0.1551637053489685,9649,,0.30957407037170503
,0.0008022606489248574,153,,0.1505424529314041,,0.15797071158885956,9699,,0.30931541475652546
0.001605264493264258,,153,0.15274129807949066,,0.15576054155826569,,9701,0.3101070481353248,
,0.00147704454138875,154,,0.15695278346538544,,0.1516028642654419,9749,,0.31003269515450166
0.00130206230096519,,154,0.15292653441429138,,0.15560603141784668,,9764,0.30983463132200906,
,0.001470620627515018,155,,0.1543169915676117,,0.1542063057422638,9799,,0.30999391499262735
0.00120305095333606,,155,0.15283340215682983,,0.155665785074234,,9827,0.3097022583323227,
,0.002328665694221854,156,,0.1544349044561386,,0.1540159285068512,9849,,0.3107795035282214
0.00125030311755836,,156,0.15298594534397125,,0.1555032879114151,,9890,0.30973957330582785,
,0.0006852965452708304,157,,0.1496727019548416,,0.1588725447654724,9899,,0.3092305364138845
,0.0012440199498087168,157,,0.15552771091461182,,0.1529063582420349,9949,,0.3096780886167285
0.0011615720577538013,,157,0.15322300791740417,,0.15526418387889862,,9953,0.30964877498618865,
,0.0011477845255285501,158,,0.15195612609386444,,0.15652908384799957,9999,,0.30963299785623066
0.0012066629715263844,,158,0.15283897519111633,,0.15564510226249695,,10016,0.30969072623186916,
,0.0019102367805317044,159,,0.1584666222333908,,0.15008893609046936,10049,,0.3104657994669282
0.0012871655635535717,,159,0.15293830633163452,,0.15557992458343506,,10079,0.30980541638409276,
,0.0008411939488723874,160,,0.151546448469162,,0.1569618135690689,10099,,0.30934945750380916
0.0014360565692186356,,160,0.1530517190694809,,0.1555028259754181,,10142,0.3099905894043439,
,0.0010245874291285872,161,,0.1527584195137024,,0.15574465692043304,10149,,0.30952766713706753
,0.0015544855268672109,161,,0.15744148194789886,,0.1511383205652237,10199,,0.31013429140120863
0.0011948859319090843,,161,0.15293867886066437,,0.15556682646274567,,10205,0.30970042022796523,
,0.0018340526148676872,162,,0.1503092646598816,,0.15824197232723236,10249,,0.3103852878878276
0.0012520129093900323,,162,0.1532195657491684,,0.15527281165122986,,10268,0.30974438169813623,
,0.0019317816477268934,163,,0.15608781576156616,,0.15236905217170715,10299,,0.31038864732679183
0.0012834202498197556,,163,0.1532631814479828,,0.15520739555358887,,10331,0.3097539670720527,
,0.0005743301007896662,164,,0.1526898443698883,,0.15576013922691345,10349,,0.3090243152640277
0.0011726281372830272,,164,0.15273362398147583,,0.15574271976947784,,10394,0.30964898868156465,
,0.0038943137042224407,165,,0.15411366522312164,,0.1543377786874771,10399,,0.31234575686588206
,0.0012915544211864471,165,,0.15490281581878662,,0.1536375880241394,10449,,0.3098319535846478
0.0014500970719382167,,165,0.1530607044696808,,0.15543721616268158,,10457,0.30994798792929945,
,0.000992781831882894,166,,0.14948150515556335,,0.15904471278190613,10499,,0.3095189869669555
0.0011568551417440176,,166,0.15307727456092834,,0.1554596871137619,,10520,0.30969382643010984,
,0.0010126143461093307,167,,0.1530848890542984,,0.15541502833366394,10549,,0.3095125433259519
0.0010200577089563012,,167,0.15311530232429504,,0.1553824096918106,,10583,0.3095178061343287,
,0.0009616533643566072,168,,0.15337423980236053,,0.1550550013780594,10599,,0.30939090092813726
0.0009594770963303745,,168,0.15314881503582,,0.1553039848804474,,10646,0.3094122812144087,
,0.001474243588745594,169,,0.1515008807182312,,0.156963050365448,10649,,0.3099381794808383
,0.0005720096523873508,169,,0.15089848637580872,,0.15756267309188843,10699,,0.3090331735035608
0.0010310863144695759,,169,0.1531641036272049,,0.1553119271993637,,10709,0.30950708695896706,
,0.0013084737583994865,170,,0.15473690629005432,,0.15368911623954773,10749,,0.30973450446559886
0.0010666586458683014,,170,0.15322858095169067,,0.15525399148464203,,10772,0.30954921432189664,
,0.0017733840504661202,171,,0.15688253939151764,,0.15156854689121246,10799,,0.3102244782958973
0.0011230927193537354,,171,0.1529962420463562,,0.15549810230731964,,10835,0.3096174580107637,
,0.0007761903689242899,172,,0.16105540096759796,,0.14758209884166718,10849,,0.3094136873858728
0.001114302664063871,,172,0.15335261821746826,,0.15514932572841644,,10898,0.3096162905205929,
,0.0008584339520893991,173,,0.15058957040309906,,0.15787972509860992,10899,,0.3093277346706195
,0.001067197066731751,173,,0.14917278289794922,,0.1593402922153473,10949,,0.30958026013547324
0.0009817657992243767,,173,0.15303672850131989,,0.15542550384998322,,10961,0.3094439449260919,
,0.0007957732304930687,174,,0.15479621291160583,,0.15373165905475616,10999,,0.3093236357139314
0.0008717903983779252,,174,0.15336021780967712,,0.15511685609817505,,11024,0.3093488876908164,
,0.001923045376315713,175,,0.15305742621421814,,0.1553748995065689,11049,,0.31035536578090783
0.0009277198114432395,,175,0.15330074727535248,,0.15514056384563446,,11087,0.30936901918616133,
,0.0007134562474675477,176,,0.15300630033016205,,0.15542538464069366,11099,,0.30914514877218313
,0.0007167791482061148,176,,0.1534183919429779,,0.15501123666763306,11149,,0.3091464099468391
0.000807121570687741,,176,0.15325075387954712,,0.15520288050174713,,11150,0.3092607544683453,
,0.001072985352948308,177,,0.15244336426258087,,0.15601584315299988,11199,,0.30953218849088177
0.0008536906098015606,,177,0.15324047207832336,,0.15521934628486633,,11213,0.3093135207184961,
,0.000671622809022665,178,,0.1535228043794632,,0.15493009984493256,11249,,0.3091245291291659
0.001004137797281146,,178,0.1533968597650528,,0.1550895720720291,,11276,0.3094905952370766,
,0.0010363076580688357,179,,0.15533030033111572,,0.15310554206371307,11299,,0.30947215446541987
0.0008212967659346759,,179,0.15332713723182678,,0.15512314438819885,,11339,0.30927156989866345,
,0.0016669373726472259,180,,0.1584237664937973,,0.15007388591766357,11349,,0.3101645942657516
,0.0003946750075556338,180,,0.15044277906417847,,0.1580449342727661,11399,,0.3088823934895904
0.0008437030483037233,,180,0.1531638652086258,,0.1553245484828949,,11402,0.3093320989576971,
,0.0008254122803919017,181,,0.16174927353858948,,0.1470639556646347,11449,,0.3096386370668841
0.0009397237445227802,,181,0.15340666472911835,,0.15510089695453644,,11465,0.309447289672053,
,0.00033727879053913057,182,,0.15505003929138184,,0.1534218192100525,11499,,0.3088091363936272
0.0007557678036391735,,182,0.15347081422805786,,0.15499825775623322,,11528,0.30922485104391734,
,0.0006829581107012928,183,,0.1564805656671524,,0.15197104215621948,11549,,0.30913456925608307
0.0009094804991036654,,183,0.15336628258228302,,0.15509085357189178,,11591,0.30936662648184776,
,0.0008703480125404894,184,,0.14989908039569855,,0.15859569609165192,11599,,0.30936511516182874
,0.0013898382894694805,184,,0.14533573389053345,,0.16335274279117584,11649,,0.31007831136879516
0.0009191600256599486,,184,0.15327337384223938,,0.15525047481060028,,11654,0.30944303421401703,
,0.0008576080435886979,185,,0.1501867026090622,,0.15829350054264069,11699,,0.3093378212377663
0.0007851545815356076,,185,0.15349915623664856,,0.15495651960372925,,11717,0.309240849913917,
,0.0006947529618628323,186,,0.1547234207391739,,0.15372209250926971,11749,,0.3091402605245074
0.0009105286444537342,,186,0.15343934297561646,,0.155034139752388,,11780,0.30938397594211925,
,0.0033147004432976246,187,,0.1592840850353241,,0.14922310411930084,11799,,0.3118218948531033
0.0010560137452557683,,187,0.15336129069328308,,0.15514115989208221,,11843,0.30955846186659397,
,0.0006159017793834209,188,,0.15430551767349243,,0.15414278209209442,11849,,0.3090641994011158
,0.0007779210573062301,188,,0.15702927112579346,,0.15142326056957245,11899,,0.3092304478227647
0.0006490316591225564,,188,0.1533461958169937,,0.1551075428724289,,11906,0.30910272885130624,
,0.00045718540786765516,189,,0.1523563116788864,,0.15608584880828857,11949,,0.3088993580535946
0.0007240172126330435,,189,0.15350504219532013,,0.15497717261314392,,11969,0.3092062663086334,
,0.0008401403902098536,190,,0.15276679396629333,,0.15566518902778625,11999,,0.3092721290999078
0.0007622922421433032,,190,0.15361063182353973,,0.15487755835056305,,12032,0.30925048749920364,
,0.001015670713968575,191,,0.15370585024356842,,0.15472084283828735,12049,,0.3094423554081133
0.0007805711938999593,,191,0.15337732434272766,,0.15507902204990387,,12095,0.30923692352993026,
,0.001078715198673308,192,,0.15135177969932556,,0.1571045219898224,12099,,0.3095350144241639
,0.0004243446164764464,192,,0.15035194158554077,,0.15812315046787262,12149,,0.3088994440124418
0.0006238401983864605,,192,0.15343162417411804,,0.1550295203924179,,12158,0.30908497936599943,
,0.0003061479073949158,193,,0.15373849868774414,,0.15468791127204895,12199,,0.30873255858243254
0.0005480106920003891,,193,0.15353216230869293,,0.15492407977581024,,12221,0.3090042441508433,
,0.00044079183135181665,194,,0.15481817722320557,,0.15360821783542633,12249,,0.30886718908881217
0.0006871421937830746,,194,0.1535489559173584,,0.15491347014904022,,12284,0.30914955564236374,
,0.0011938570532947779,195,,0.15403886139392853,,0.1544392704963684,12299,,0.30967198180482547
0.000696269329637289,,195,0.15364111959934235,,0.15481996536254883,,12347,0.3091573739872316,
,0.0004788883379660547,196,,0.15764445066452026,,0.15083131194114685,12349,,0.30895465668580996
,0.0011437359498813748,196,,0.15406788885593414,,0.15438126027584076,12399,,0.3095928852179173
0.0006931483512744308,,196,0.1536337435245514,,0.15482521057128906,,12410,0.30915212687475946,
,0.0005509027978405356,197,,0.15853539109230042,,0.14996513724327087,12449,,0.30905142718836626
0.0006099647143855691,,197,0.153705433011055,,0.15476982295513153,,12473,0.3090852239688749,
,0.0007370604434981942,198,,0.15067099034786224,,0.15781280398368835,12499,,0.3092208582375684
0.00062747165793553,,198,0.15362925827503204,,0.15482547879219055,,12536,0.30908220074036186,
,0.0005543412989936769,199,,0.15260213613510132,,0.1558314859867096,12549,,0.3089879588163788
,0.00039260491030290723,199,,0.15456892549991608,,0.15385670959949493,12599,,0.3088182507580201
0.00046063499758020043,,199,0.15374943614006042,,0.15470024943351746,,12599,0.3089102954708764,
,0.00029367359820753336,200,,0.15120047330856323,,0.15729370713233948,12649,,0.3087878493342438
0.0004505014803726226,,200,0.15370166301727295,,0.15475139021873474,,12662,0.3089035483445433,
,0.0002872874028980732,201,,0.15197257697582245,,0.1565191149711609,12699,,0.30877897535118826
0.00046151908463798463,,201,0.15363572537899017,,0.15484200417995453,,12725,0.3089392405136093,
,0.0006048337090760469,202,,0.1528601348400116,,0.15557225048542023,12749,,0.30903720929636536
0.0004502404190134257,,202,0.15379124879837036,,0.1546502411365509,,12788,0.3088917385064034,
,0.0002623000182211399,203,,0.15376867353916168,,0.15468335151672363,12799,,0.30871432231447754
,0.0007219697581604123,203,,0.15246662497520447,,0.15596850216388702,12849,,0.30915709680663384
0.0004742943565361202,,203,0.15370991826057434,,0.1547558307647705,,12851,0.30894006578557587,
,0.00018363272829446942,204,,0.15358099341392517,,0.15485277771949768,12899,,0.3086174047503152
0.0004558210785035044,,204,0.15383398532867432,,0.15462642908096313,,12914,0.3089162436367289,
,0.000330068520270288,205,,0.15238116681575775,,0.15605491399765015,12949,,0.3087661488955727
0.00037361745489761233,,205,0.15372389554977417,,0.1547442078590393,,12977,0.3088417566774546,
,0.000645746011286974,206,,0.1534171998500824,,0.1550319790840149,12999,,0.3090949252514911
0.00044076406629756093,,206,0.15374226868152618,,0.15471619367599487,,13040,0.30889925043374666,
,0.0002806689008139074,207,,0.15541759133338928,,0.15301312506198883,13049,,0.30871139332020286
,0.00020439109357539564,207,,0.1526271253824234,,0.15580905973911285,13099,,0.308640567640689
0.00037664087722077966,,207,0.1538056582212448,,0.15464699268341064,,13103,0.3088292875098432,
,0.0008877787040546536,208,,0.15164154767990112,,0.1568184792995453,13149,,0.3093478164831831
0.0004463781660888344,,208,0.15392743051052094,,0.15453892946243286,,13166,0.30891272936217307,
,0.0015867516631260514,209,,0.15261834859848022,,0.1558161973953247,13199,,0.3100213029449389
0.0003553696733433753,,209,0.15398968756198883,,0.1544697880744934,,13229,0.3088148757926235,
,0.00020269423839636147,210,,0.15481871366500854,,0.15368856489658356,13249,,0.30870997017733437
0.00047015590826049447,,210,0.1538320779800415,,0.15463361144065857,,13292,0.3089358570885792,
,0.0002396734489593655,211,,0.1559535413980484,,0.15250742435455322,13299,,0.30870062923266495
,0.0005421631503850222,211,,0.153042271733284,,0.15539364516735077,13349,,0.3089780672257383
0.00041255319956690073,,211,0.15381698310375214,,0.15464869141578674,,13355,0.3088782328950208,
,0.00042061100248247385,212,,0.15298596024513245,,0.15544424951076508,13399,,0.3088508275375357
0.0003252409806009382,,212,0.15372693538665771,,0.15472054481506348,,13418,0.30877274369745655,
,0.00019007758237421513,213,,0.15452703833580017,,0.15395036339759827,13449,,0.30866747998214367
0.00026854369207285345,,213,0.1539558619260788,,0.1544828861951828,,13481,0.30870726974080426,
,0.00036102632293477654,214,,0.15482787787914276,,0.1535990983247757,13499,,0.3087879978545395
0.00032982451375573874,,214,0.15392374992370605,,0.1545221209526062,,13544,0.30877568298162844,
,0.0003765495494008064,215,,0.15350918471813202,,0.15492166578769684,13549,,0.3088074116619391
,0.0002518327673897147,215,,0.1547996997833252,,0.15362654626369476,13599,,0.30867808598410196
0.0002883569977711886,,215,0.15398859977722168,,0.15445902943611145,,13607,0.3087359505373473,
,0.0003437324776314199,216,,0.15423746407032013,,0.15419244766235352,13649,,0.30877364531884177
0.00024341410608030856,,216,0.1538894772529602,,0.15455102920532227,,13670,0.30868393694104657,
,0.0007890546694397926,217,,0.15501545369625092,,0.1534196138381958,13699,,0.30922411906427427
0.0003636447945609689,,217,0.15387165546417236,,0.15458814799785614,,13733,0.3088234026017393,
,0.00010796535934787244,218,,0.15373705327510834,,0.1546918898820877,13749,,0.30853689798587036
0.00028104078955948353,,218,0.15397408604621887,,0.154475599527359,,13796,0.3087307282772193,
,0.0003966735675930977,219,,0.15028588473796844,,0.15818998217582703,13799,,0.3088725387285829
,0.0003850362845696509,219,,0.15387988090515137,,0.15455801784992218,13849,,0.3088229291791884
0.0003009929205290973,,219,0.15393701195716858,,0.15451256930828094,,13859,0.3087505463832326,
,0.00045608365326188505,220,,0.15160346031188965,,0.15689848363399506,13899,,0.30895801830447334
0.0003260186349507421,,220,0.1539582759141922,,0.15449540317058563,,13922,0.308779706480023,
,0.0003796961682382971,221,,0.15087807178497314,,0.15759453177452087,13949,,0.30885230639690153
0.00027384221903048456,,221,0.15401367843151093,,0.15443408489227295,,13985,0.3087216193978984,
,0.0003599832998588681,222,,0.15384677052497864,,0.15457919239997864,13999,,0.30878595284045574
0.00023454416077584028,,222,0.15391305088996887,,0.15452806651592255,,14048,0.3086756726873322,
,0.00019764095486607403,223,,0.15281042456626892,,0.155623659491539,14049,,0.3086317147987875
,7.959712820593268e-05,223,,0.1549426168203354,,0.15350672602653503,14099,,0.3085289393072255
0.00020622956799343228,,223,0.15402543544769287,,0.1544109433889389,,14111,0.30864258724236976,
,0.00023531890474259853,224,,0.14904135465621948,,0.15957628190517426,14149,,0.3088529603380404
0.0003569319669622928,,224,0.15389695763587952,,0.15457065403461456,,14174,0.30882451829746127,
,0.0006875297985970974,225,,0.15604175627231598,,0.15239664912223816,14199,,0.30912593694048585
0.0002472202177159488,,225,0.15395312011241913,,0.1544913947582245,,14237,0.3086917410592941,
,0.00025170715525746346,226,,0.15421389043331146,,0.1542140394449234,14249,,0.3086796465741575
,0.000212230792385526,226,,0.15632672607898712,,0.15211322903633118,14299,,0.30865218089970886
0.0002985674946103245,,226,0.15406955778598785,,0.15438340604305267,,14300,0.3087515579933063,
,0.0002115793467964977,227,,0.1536085605621338,,0.15481966733932495,14349,,0.308639806833349
0.00024728162679821253,,227,0.15393689274787903,,0.1545095592737198,,14363,0.3086937236096659,
,0.00020966962620150298,228,,0.15178711712360382,,0.15665818750858307,14399,,0.3086549796062765
0.0003357729874551296,,228,0.15385550260543823,,0.15461322665214539,,14426,0.308804501118069,
,0.000176400484633632,229,,0.15299338102340698,,0.15545596182346344,14449,,0.30862574040213847
0.0002873527118936181,,229,0.15408919751644135,,0.15435761213302612,,14489,0.3087341574282523,
,0.0003650305443443358,230,,0.15365345776081085,,0.15477494895458221,14499,,0.3087934337929835
,0.0001383958151564002,230,,0.1550319641828537,,0.15341971814632416,14549,,0.3085900923306432
0.00023969286121428013,,230,0.15394383668899536,,0.1544918566942215,,14552,0.30867541356011824,
,0.0004159316304139793,231,,0.1506732851266861,,0.15780694782733917,14599,,0.30889615539635223
0.00021234275482129306,,231,0.15400226414203644,,0.15444357693195343,,14615,0.3086581717166545,
,0.00019969091226812452,232,,0.1539607048034668,,0.15456819534301758,14649,,0.30872858889646493
0.0003696159110404551,,232,0.1538299173116684,,0.15463697910308838,,14678,0.3088364755039346,
,0.00032715557608753443,233,,0.15166449546813965,,0.1568567156791687,14699,,0.3088483716681881
0.00022049287508707494,,233,0.15410079061985016,,0.15434828400611877,,14741,0.30866958912542325,
,0.00012000111019005999,234,,0.15451037883758545,,0.15391898155212402,14749,,0.3085493578848174
,0.00015869209892116487,234,,0.15510554611682892,,0.15333262085914612,14799,,0.30859686442111517
0.0002236982254544273,,234,0.15408244729042053,,0.15436199307441711,,14804,0.3086681624412976,
,0.00010392602416686714,235,,0.15417368710041046,,0.15425187349319458,14849,,0.308529476307684
0.00017970071348827332,,235,0.1540304720401764,,0.15440572798252106,,14867,0.30861591668020133,
,0.00011861560778925195,236,,0.1561965048313141,,0.15225976705551147,14899,,0.30857488321924165
0.0001812587579479441,,236,0.15406988561153412,,0.15436667203903198,,14930,0.3086178246531151,
,0.0002838921791408211,237,,0.15388908982276917,,0.1545434296131134,14949,,0.30871641303416414
0.00016517858603037894,,237,0.15398991107940674,,0.15444733202457428,,14993,0.3086024382291551,
,5.949271871941164e-05,238,,0.1524595320224762,,0.15597784519195557,14999,,0.308496873206787
,7.536368502769619e-05,238,,0.1573343575000763,,0.151132270693779,15049,,0.30854199209821803
0.000144272213219665,,238,0.1540919542312622,,0.1543455868959427,,15056,0.3085818147971178,
,8.282151247840375e-05,239,,0.15570630133152008,,0.15272997319698334,15099,,0.3085190973935094
0.00020423303067218512,,239,0.154058039188385,,0.1543862521648407,,15119,0.3086485034173084,
,0.00022403420007321984,240,,0.15170927345752716,,0.15674230456352234,15149,,0.3086756069113147
0.0002206585049862042,,240,0.1540219485759735,,0.15442144870758057,,15182,0.3086640131235354,
,0.0003867039631586522,241,,0.15385866165161133,,0.15456917881965637,15199,,0.30881454199973957
0.0001883771037682891,,241,0.15413063764572144,,0.15431059896945953,,15245,0.30862962289516827,
,8.127854380290955e-05,242,,0.15433943271636963,,0.15408919751644135,15249,,0.3085098994543231
,3.487739013507962e-05,242,,0.15361613035202026,,0.15483194589614868,15299,,0.3084829453024873
0.0001715402031550184,,242,0.15409217774868011,,0.15434405207633972,,15308,0.3086077452343731,
,0.00033821846591308713,243,,0.15709441900253296,,0.15137562155723572,15349,,0.3088082608965408
0.0002271120756631717,,243,0.15400435030460358,,0.15444082021713257,,15371,0.308672305089364,
,0.00010885094525292516,244,,0.15383875370025635,,0.15459316968917847,15399,,0.30854077625376475
0.00023977819364517927,,244,0.1540583223104477,,0.15438318252563477,,15434,0.30868130228769103,
,0.00016303747543133795,245,,0.15511487424373627,,0.15332002937793732,15449,,0.30859793225549464
0.00020243908511474729,,245,0.15405051410198212,,0.1543952226638794,,15497,0.30864817460005217,
,6.087167639634572e-05,246,,0.15297931432724,,0.15545420348644257,15499,,0.30849438083281716
,0.00010340995504520833,246,,0.15581035614013672,,0.15263988077640533,15549,,0.30855364122049955
0.00015100438031367958,,246,0.15409256517887115,,0.1543484330177307,,15560,0.3085919934463949,
,0.00021004982409067452,247,,0.15539366006851196,,0.1530512124300003,15599,,0.30865491801236694
0.00015137925220187753,,247,0.15399056673049927,,0.1544482707977295,,15623,0.3085902075074828,
,0.00011339494085405022,248,,0.1541111320257187,,0.15432144701480865,15649,,0.30854597767812403
0.0001358866720693186,,248,0.15409952402114868,,0.15433655679225922,,15686,0.30857198153065,
,0.00021486982586793602,249,,0.15653686225414276,,0.15191560983657837,15699,,0.3086673346198303
,0.0002647046931087971,249,,0.15521347522735596,,0.15321697294712067,15749,,0.30869515242231277
0.00017872733587864786,,249,0.15409746766090393,,0.15434391796588898,,15749,0.3086201240291887,
,7.73911815485917e-05,250,,0.15546318888664246,,0.1529724895954132,15799,,0.30851307709041964
0.00011993973748758435,,250,0.1541111320257187,,0.1543199121952057,,15812,0.3085509940436638,
,0.00020498041703831404,251,,0.15308831632137299,,0.15534254908561707,15849,,0.308635835426296
0.00013367048813961446,,251,0.1540505290031433,,0.15438702702522278,,15875,0.30857123599230657,
,0.00010457442840561271,252,,0.15291912853717804,,0.1555114984512329,15899,,0.30853518967497895
0.00016254460206255317,,252,0.15411604940891266,,0.15431949496269226,,15938,0.3085980889142125,
,0.0002685155486688018,253,,0.15569856762886047,,0.1527377963066101,15949,,0.30870487259207535
,0.00015323839033953846,253,,0.15653179585933685,,0.15191401541233063,15999,,0.30859904497130713
0.00013248126197140664,,253,0.15413200855255127,,0.15430571138858795,,16001,0.30857020655800405,
,8.767344115767628e-05,254,,0.1542290598154068,,0.15419752895832062,16049,,0.30851425804637167
0.00020325819787103683,,254,0.15403398871421814,,0.15441754460334778,,16064,0.30865479119729644,
,0.00034610703005455434,255,,0.1533011943101883,,0.1551266461610794,16099,,0.3087739457378986
0.0002350893773837015,,255,0.15401822328567505,,0.15442322194576263,,16127,0.3086765270601233,
,0.00014522625133395195,256,,0.1551419198513031,,0.15329031646251678,16149,,0.30857745729805974
0.00016696794773451984,,256,0.15406891703605652,,0.1543748825788498,,16190,0.30861076342262483,
,9.148806566372514e-05,257,,0.15410713851451874,,0.1543184071779251,16199,,0.3085170314322695
,0.00019265823357272893,257,,0.15178564190864563,,0.15666194260120392,16249,,0.30864025084356345
0.00010946135444100946,,257,0.1541515439748764,,0.15428563952445984,,16253,0.3085466177101802,
,7.840577745810151e-05,258,,0.15692298114299774,,0.1515282541513443,16299,,0.3085296352574615
0.00014125338930170983,,258,0.15403631329536438,,0.15439949929714203,,16316,0.30857705619597875,
,6.739601667504758e-05,259,,0.15300525724887848,,0.1554253101348877,16349,,0.30849797070148016
0.0001335431879851967,,259,0.15417028963565826,,0.15426822006702423,,16379,0.3085720621724505,
,0.00011630795779637992,260,,0.15323619544506073,,0.15519216656684875,16399,,0.30854466883090503
0.0003667631826829165,,260,0.1540427953004837,,0.1544211208820343,,16442,0.3088306479577383,
,0.00022101326612755656,261,,0.15441353619098663,,0.1540130376815796,16449,,0.3086475905978111
,0.00010803141049109399,261,,0.15227742493152618,,0.15616080164909363,16499,,0.3085462596984182
0.00021166088117752224,,261,0.1540214568376541,,0.1544312685728073,,16505,0.3086643695678227,
,0.0002730863634496927,262,,0.1556963324546814,,0.15276400744915009,16549,,0.3087334263338004
0.00024172768462449312,,262,0.15401114523410797,,0.15443454682826996,,16568,0.3086874093290118,
,5.27449774381239e-05,263,,0.15260504186153412,,0.15582852065563202,16599,,0.3084863116118083
0.00012390488700475544,,263,0.1541210561990738,,0.15431520342826843,,16631,0.3085602014518009,
,2.942707396869082e-05,264,,0.153961181640625,,0.15446525812149048,16649,,0.3084558611868278
0.00010514881432754919,,264,0.15412692725658417,,0.15430419147014618,,16694,0.30853627466333833,
,2.742675678746309e-05,265,,0.15322501957416534,,0.15520533919334412,16699,,0.3084577878847784
,4.662123683374375e-05,265,,0.1535976380109787,,0.1548301726579666,16749,,0.3084744308038181
0.00013313810632098466,,265,0.1540796309709549,,0.15435631573200226,,16757,0.3085691121223527,
,6.366554589476436e-05,266,,0.15466614067554474,,0.1537640392780304,16799,,0.30849384060370044
8.182815508916974e-05,,266,0.154154971241951,,0.15427541732788086,,16820,0.30851222684527324,
,3.619870403781533e-05,267,,0.15527354180812836,,0.15315945446491241,16849,,0.30846919609924933
9.380510164191946e-05,,267,0.15411509573459625,,0.1543164700269699,,16883,0.30852535707477513,
,9.395921370014548e-05,268,,0.15628023445606232,,0.15216238796710968,16899,,0.3085365816564997
9.590727131580934e-05,,268,0.1541651338338852,,0.15426833927631378,,16946,0.3085293894598285,
,5.4446391004603356e-05,269,,0.1534544825553894,,0.15497705340385437,16949,,0.30848598588025944
,9.914448310155421e-05,269,,0.1562965363264084,,0.15214648842811584,16999,,0.30854216641894877
0.00012292595056351274,,269,0.1540268063545227,,0.1544128954410553,,17009,0.3085626270263397,
,0.00022614827321376652,270,,0.15412893891334534,,0.15430879592895508,17049,,0.3086638766112018
0.00011198667925782502,,270,0.15416230261325836,,0.15427175164222717,,17072,0.3085460735194211,
,9.72928392002359e-05,271,,0.15501028299331665,,0.15341734886169434,17099,,0.3085249149102757
0.00017515152285341173,,271,0.15413561463356018,,0.15430553257465363,,17135,0.30861626807297415,
,8.142966544255614e-05,272,,0.15524311363697052,,0.15319128334522247,17149,,0.3085158293834749
9.396961104357615e-05,,272,0.15410944819450378,,0.15432250499725342,,17198,0.30852592928952227,
,4.1846342355711386e-05,273,,0.15467645227909088,,0.15375010669231415,17199,,0.3084684057226618
,5.939828042755835e-05,273,,0.15436522662639618,,0.15406210720539093,17249,,0.3084867377916568
8.483320561936125e-05,,273,0.15409612655639648,,0.15433692932128906,,17261,0.3085178988426714,
,3.07502195937559e-05,274,,0.15430445969104767,,0.1541285365819931,17299,,0.30846375333754344
8.371035073651001e-05,,274,0.1541595309972763,,0.1542723923921585,,17324,0.30851561755007934,
,6.9040572270751e-05,275,,0.15208862721920013,,0.15635134279727936,17349,,0.3085090199033441
9.80366748990491e-05,,275,0.15413743257522583,,0.1542995274066925,,17387,0.30853499440284904,
,5.331054489943199e-05,276,,0.15383422374725342,,0.15459592640399933,17399,,0.30848345381725434
,4.780387826031074e-05,276,,0.15257500112056732,,0.15585938096046448,17449,,0.3084821917757021
0.0001194842261611484,,276,0.15414145588874817,,0.15429016947746277,,17450,0.3085511105012199,
,0.0001516533811809495,277,,0.153001070022583,,0.1554291546344757,17499,,0.30858187481272426
0.00010089693387271836,,277,0.15409284830093384,,0.1543418914079666,,17513,0.3085356383355747,
,0.00010602216934785247,278,,0.1514330953359604,,0.1570199728012085,17549,,0.30855908089037865
0.00011807156261056662,,278,0.15419457852840424,,0.15424570441246033,,17576,0.3085583471911596,
,6.068201764719561e-05,279,,0.15320613980293274,,0.15522286295890808,17599,,0.30848969275584226
0.00013606931315734982,,279,0.1541217565536499,,0.1543145626783371,,17639,0.3085723898294669,
,0.00015949158114381135,280,,0.15203866362571716,,0.15640221536159515,17649,,0.30860036215662945
,0.00014266854850575328,280,,0.15339688956737518,,0.1550377756357193,17699,,0.308577330818534
8.832481398712844e-05,,280,0.15412183105945587,,0.15431146323680878,,17702,0.3085216033202267,
,3.77045180357527e-05,281,,0.15438993275165558,,0.1540365368127823,17749,,0.3084641686519719
0.00010777352144941688,,281,0.1541031152009964,,0.15433061122894287,,17765,0.30854146968395274,
,0.00016853338456712663,282,,0.15624140202999115,,0.15219755470752716,17799,,0.3086074849092611
9.0229936176911e-05,,282,0.15409590303897858,,0.15434223413467407,,17828,0.30852837390150883,
,7.087499398039654e-05,283,,0.15470542013645172,,0.1537223905324936,17849,,0.3084986885833255
0.00010698901314754039,,283,0.1541675329208374,,0.15426822006702423,,17891,0.30854273875784466,
,0.0001050208302331157,284,,0.15238019824028015,,0.15605704486370087,17899,,0.30854227776618104
,0.0001609960600035265,284,,0.15481646358966827,,0.1536116898059845,17949,,0.3085891498191395
0.0001199270409415476,,284,0.15419866144657135,,0.15423688292503357,,17954,0.30855548403064703,
,4.1982304537668824e-05,285,,0.15391598641872406,,0.15450966358184814,17999,,0.3084676374692344
7.258688128786162e-05,,285,0.15411077439785004,,0.1543213129043579,,18017,0.30850467451879,
,0.00014564961020369083,286,,0.1533389836549759,,0.15510182082653046,18049,,0.30858644704807875
0.00012569539831019938,,286,0.1540994942188263,,0.1543426215648651,,18080,0.3085678061294821,
,4.777365393238142e-05,287,,0.15649305284023285,,0.15194930136203766,18099,,0.3084901265689009
0.0001325285847997293,,287,0.15413810312747955,,0.15430164337158203,,18143,0.30857225214963147,
,3.238757562940009e-05,288,,0.1545722782611847,,0.1538534164428711,18149,,0.3084580790971121
,3.6251261917641386e-05,288,,0.15327709913253784,,0.15515513718128204,18199,,0.3084684927449063
5.681219045072794e-05,,288,0.15414516627788544,,0.15428569912910461,,18206,0.30848769491782846,
,5.332467480911873e-05,289,,0.1549743115901947,,0.15345382690429688,18249,,0.3084814595241287
7.350771920755506e-05,,289,0.1541377604007721,,0.15429195761680603,,18269,0.3085032175374796,
,8.523323049303144e-05,290,,0.1551072746515274,,0.1533251404762268,18299,,0.3085176510759654
0.00013835557911079377,,290,0.15411275625228882,,0.1543266624212265,,18332,0.30857775683249866,
,8.987743058241904e-05,291,,0.15582481026649475,,0.15260885655879974,18349,,0.3085235342400299
8.368190174223855e-05,,291,0.1541767716407776,,0.15425756573677063,,18395,0.30851798924488083,
,9.000005229609087e-05,292,,0.15343661606311798,,0.15499179065227509,18399,,0.3085184086391846
,3.0163575502228923e-05,292,,0.1551724523305893,,0.1532624214887619,18449,,0.30846504399011615
7.978559006005526e-05,,292,0.15415416657924652,,0.15427756309509277,,18458,0.3085115302173434,
,0.00010931956057902426,293,,0.15557627379894257,,0.15285679697990417,18499,,0.3085423893595969
0.0003115420404355973,,293,0.15419326722621918,,0.15426260232925415,,18521,0.3087674121621308,
,0.000162162643391639,294,,0.156672403216362,,0.15179233253002167,18549,,0.3086268906211215
0.00018515637202654034,,294,0.1539914906024933,,0.1544589102268219,,18584,0.30863555085833677,
,5.167864583199844e-05,295,,0.1535446047782898,,0.15489155054092407,18599,,0.3084878405701592
0.0001079331268556416,,295,0.1539774239063263,,0.15446415543556213,,18647,0.3085495217494339,
,3.214710159227252e-05,296,,0.15552186965942383,,0.1529114842414856,18649,,0.3084654984043892
,6.026347182341851e-05,296,,0.154218390583992,,0.15420694649219513,18699,,0.3084856028178571
8.601915033068508e-05,,296,0.15416742861270905,,0.1542651653289795,,18710,0.30851859406955634,
,3.917787125828909e-06,297,,0.1549016237258911,,0.15352517366409302,18749,,0.3084307203574995
8.509076724294573e-05,,297,0.1541179120540619,,0.15431353449821472,,18773,0.3085165379949057,
,0.00012486227205954492,298,,0.15426914393901825,,0.15415625274181366,18799,,0.30855026600720437
0.00022156319755595177,,298,0.15400902926921844,,0.154445081949234,,18836,0.30867566176371386,
,6.4307518186979e-05,299,,0.15492989122867584,,0.1534973680973053,18849,,0.30849156659176313
,7.782190368743613e-05,299,,0.1550450474023819,,0.15339314937591553,18899,,0.3085160106765754
0.00013546175614465028,,299,0.15422390401363373,,0.15421220660209656,,18899,0.3085715568547748,
,2.8130500140832737e-05,300,,0.15400609374046326,,0.1544191837310791,18949,,0.30845341070983434
9.114105341723189e-05,,300,0.15415625274181366,,0.15427951514720917,,18962,0.30852687656541755,
,0.00014848593855276704,301,,0.15306919813156128,,0.15536074340343475,18999,,0.30857842653945794
8.253902342403308e-05,,301,0.15412548184394836,,0.15431195497512817,,19025,0.3085199462049204,
,9.479720029048622e-05,302,,0.154849112033844,,0.153578519821167,19049,,0.3085224297449686
6.620617932640016e-05,,302,0.15412744879722595,,0.15430279076099396,,19088,0.30849642541573047,
,9.866593245533295e-06,303,,0.15382632613182068,,0.1546020209789276,19099,,0.30843821250605696
,2.5154531613225117e-05,303,,0.15443623065948486,,0.15399070084095,19149,,0.30845208350106007
7.608043233631179e-05,,303,0.15416893362998962,,0.15426114201545715,,19151,0.30850615216719895,
,7.185131107689813e-05,304,,0.15405012667179108,,0.15437515079975128,19199,,0.3084971320401868
9.690869046607986e-05,,304,0.15410585701465607,,0.1543276309967041,,19214,0.30853043320101886,
,8.597428677603602e-05,305,,0.1528618335723877,,0.15557004511356354,19249,,0.30851786106310874
9.755740757100284e-05,,305,0.15418750047683716,,0.15424664318561554,,19277,0.30853168399398173,
,0.00019529274140950292,306,,0.15318499505519867,,0.15524378418922424,19299,,0.30862407438697625
0.00015599986363667995,,306,0.15411125123500824,,0.15432949364185333,,19340,0.3085967401125047,
,1.6383613910875283e-05,307,,0.15542083978652954,,0.15301084518432617,19349,,0.3084480587389803
,0.00026902579702436924,307,,0.15506602823734283,,0.15339069068431854,19399,,0.3087257316050273
0.00014607410412281752,,307,0.15409833192825317,,0.1543443351984024,,19403,0.30858873960693745,
,0.00020745507208630443,308,,0.15272256731987,,0.1557135134935379,19449,,0.30864353286853197
0.00014441863459069282,,308,0.15416061878204346,,0.15427809953689575,,19466,0.3085831496758824,
,5.018545925850049e-05,309,,0.15198828279972076,,0.15645430982112885,19499,,0.3084927697776529
9.64907740126364e-05,,309,0.15411682426929474,,0.15431740880012512,,19529,0.3085307396952195,
,3.6723129596794024e-05,310,,0.154250830411911,,0.1541765183210373,19549,,0.3084640686185834
5.955561573500745e-05,,310,0.15413446724414825,,0.15429705381393433,,19592,0.30849108399431235,
,2.126524123013951e-05,311,,0.15502165257930756,,0.1534082591533661,19599,,0.30845118347234723
,0.00010850364924408495,311,,0.15518446266651154,,0.15324880182743073,19649,,0.3085417680891333
5.164708636584692e-05,,311,0.15416310727596283,,0.15426665544509888,,19655,0.30848139543956826,
,2.8145263058831915e-05,312,,0.15458405017852783,,0.15384157001972198,19699,,0.3084537680180938
6.325941649265587e-05,,312,0.1541444957256317,,0.15428617596626282,,19718,0.30849393198519565,
,4.4130436435807496e-05,313,,0.15412954986095428,,0.15429948270320892,19749,,0.30847316268088165
0.00010032848513219506,,313,0.1541573852300644,,0.15427954494953156,,19781,0.3085373048551962,
,6.943562038941309e-05,314,,0.15438087284564972,,0.15404446423053741,19799,,0.3084947723571307
0.00015888683265075088,,314,0.1540231704711914,,0.1544315218925476,,19844,0.30861359282310247,
,0.000702220480889082,315,,0.15319564938545227,,0.15532270073890686,19849,,0.3092205764442301
,0.00032027505221776664,315,,0.15509799122810364,,0.15333405137062073,19899,,0.30875232649883505
0.00022127832926344126,,315,0.15414582192897797,,0.15430304408073425,,19907,0.30867014374270196,
,4.5975091779837385e-05,316,,0.152372345328331,,0.1560673713684082,19949,,0.30848568766950485
0.00010256556561216712,,316,0.15416139364242554,,0.15427376329898834,,19970,0.3085376988203901,
,9.269532165490091e-05,317,,0.15401232242584229,,0.15441595017910004,19999,,0.3085209762937144
5.840927406097762e-05,,317,0.15413182973861694,,0.1542980819940567,,20033,0.30848828314687243,
,6.41207952867262e-05,318,,0.15497428178787231,,0.15345324575901031,20049,,0.30849164649361344
6.756512448191643e-05,,318,0.15417374670505524,,0.1542596071958542,,20096,0.3085009505999254,
,9.78999596554786e-05,319,,0.1555550992488861,,0.15287765860557556,20099,,0.3085306690684617
,6.170929555082694e-05,319,,0.1539759337902069,,0.15444940328598022,20149,,0.30848703963215846
6.872021913295612e-05,,319,0.15416017174720764,,0.1542721837759018,,20159,0.3085010789110407,
,7.37269438104704e-05,320,,0.1547800600528717,,0.15364648401737213,20199,,0.3085002709280111
0.00011471204197732732,,320,0.15418463945388794,,0.15425220131874084,,20222,0.30855153494941356,
,5.3236810344969854e-05,321,,0.15925398468971252,,0.14929917454719543,20249,,0.30860639079436414
0.00022655109933111817,,321,0.1539183259010315,,0.15455862879753113,,20285,0.3087035063317966,
,0.00010685281449696049,322,,0.15624640882015228,,0.15219205617904663,20299,,0.308545321500519
0.00016581782256253064,,322,0.15418216586112976,,0.15426675975322723,,20348,0.3086147541173055,
,4.889586489298381e-05,323,,0.15536262094974518,,0.15306945145130157,20349,,0.3084809652609062
,6.156532617751509e-05,323,,0.15366443991661072,,0.15476174652576447,20399,,0.30848775559278035
4.3472628021845594e-05,,323,0.15415924787521362,,0.15426887571811676,,20411,0.3084716031680558,
,4.377629920782056e-06,324,,0.15372081100940704,,0.1547052562236786,20449,,0.3084304396053836
2.7646214221022092e-05,,324,0.1541810780763626,,0.15424524247646332,,20474,0.3084539460478302,
,1.5989919120329432e-05,325,,0.1535833179950714,,0.1548454314470291,20499,,0.3084447346360052
3.1482966733165085e-05,,325,0.15416301786899567,,0.1542641967535019,,20537,0.3084586806125383,
,2.4921839212765917e-05,326,,0.1545298993587494,,0.15389767289161682,20549,,0.30845249522980117
,0.0003846790932584554,326,,0.15180222690105438,,0.1566455066204071,20599,,0.3088324149654884
0.00010862726776394993,,326,0.1541852056980133,,0.1542477309703827,,20600,0.3085415637682549,
,2.6901790988631546e-05,327,,0.1531778872013092,,0.1552516520023346,20649,,0.3084564328056863
9.650987340137362e-05,,327,0.15412621200084686,,0.15431436896324158,,20663,0.3085371070122993,
,3.4491858968976885e-05,328,,0.1543465554714203,,0.15408654510974884,20699,,0.3084675844594441
8.354741294169798e-05,,328,0.15413923561573029,,0.15429340302944183,,20726,0.3085162051501847,
,4.688924309448339e-05,329,,0.15402255952358246,,0.15440575778484344,20749,,0.3084752052792098
7.900624041212723e-05,,329,0.15412285923957825,,0.15431076288223267,,20789,0.3085126542484213,
,6.051547825336456e-05,330,,0.15221647918224335,,0.156227245926857,20799,,0.30850423228651125
,2.440355092403479e-05,330,,0.15301574766635895,,0.15542107820510864,20849,,0.3084612293450218
5.068452810519375e-05,,330,0.15415789186954498,,0.1542734056711197,,20852,0.30848200497492373,
,0.0001179211467388086,331,,0.15537874400615692,,0.15305781364440918,20899,,0.3085544845314885
5.92791402596049e-05,,331,0.15420447289943695,,0.15422797203063965,,20915,0.3084917309722183,
,3.6416233342606574e-05,332,,0.15416651964187622,,0.15426068007946014,20949,,0.30846362721607967
5.227394285611808e-05,,332,0.15416540205478668,,0.15426525473594666,,20978,0.30848297923733675,
,1.146885915659368e-05,333,,0.15430206060409546,,0.15413223206996918,20999,,0.30844576399301327
4.769253064296208e-05,,333,0.15412519872188568,,0.15430383384227753,,21041,0.30847673790827923,
,4.2726191168185323e-05,334,,0.15350063145160675,,0.15492616593837738,21049,,0.30846952586297316
,2.0546274754451588e-05,334,,0.15354570746421814,,0.15488097071647644,21099,,0.3084472324525466
5.306968159857206e-05,,334,0.15424415469169617,,0.15418502688407898,,21104,0.3084822561817676,
,0.00011373323650332168,335,,0.15513111650943756,,0.15330113470554352,21149,,0.3085459877313085
7.152008038247004e-05,,335,0.1541360467672348,,0.1542932093143463,,21167,0.30850082082136876,
,0.00013534848403651267,336,,0.15427261590957642,,0.154153972864151,21199,,0.3085619474713581
0.00012169737601652741,,336,0.15420809388160706,,0.15422838926315308,,21230,0.30855819043895705,
,0.00013483174552675337,337,,0.15318146347999573,,0.15524952113628387,21249,,0.3085658109607643
0.00013296917313709855,,337,0.15411844849586487,,0.15432414412498474,,21293,0.3085755804852585,
,7.842436752980575e-05,338,,0.15381403267383575,,0.1546136885881424,21299,,0.30850614854856756
,3.292058681836352e-05,338,,0.15474960207939148,,0.15368296205997467,21349,,0.308465475028432
0.0001094320832635276,,338,0.15406115353107452,,0.1543702930212021,,21356,0.30854090944159557,
,2.5909173928084783e-05,339,,0.15435905754566193,,0.15406674146652222,21399,,0.30845171554628714
3.69841254723724e-05,,339,0.1541990339756012,,0.1542283594608307,,21419,0.30846438052836617,
,3.1631112506147474e-05,340,,0.1549106240272522,,0.1535208523273468,21449,,0.3084631135029937
0.00010291119542671368,,340,0.15412575006484985,,0.15430638194084167,,21482,0.30853507395967905,
,7.184542482718825e-05,341,,0.15267370641231537,,0.15576320886611938,21499,,0.30850875811631207
8.067273302003741e-05,,341,0.15415619313716888,,0.15427827835083008,,21545,0.3085151236824554,
,6.067301728762686e-05,342,,0.15472383797168732,,0.1537034511566162,21549,,0.30848796780648186
,8.66318732732907e-05,342,,0.15525776147842407,,0.15318533778190613,21599,,0.3085297425415889
8.480805990984663e-05,,342,0.1540999710559845,,0.15433350205421448,,21608,0.3085182720583539,
,3.5671870136866346e-05,343,,0.15529443323612213,,0.15313449501991272,21649,,0.30846459129461823
8.102056744974107e-05,,343,0.1542370766401291,,0.1541978418827057,,21671,0.3085159385618647,
,6.15103417658247e-05,344,,0.15381477773189545,,0.15461380779743195,21699,,0.30849009202982536
6.10349525231868e-05,,344,0.15410318970680237,,0.15432845056056976,,21734,0.3084926767242196,
,7.579358498333022e-05,345,,0.15503616631031036,,0.1534021943807602,21749,,0.308514159721089
3.7852216337341815e-05,,345,0.15420043468475342,,0.15422822535037994,,21797,0.3084664601669877,
,6.801004929002374e-05,346,,0.1543491780757904,,0.1540766954421997,21799,,0.30849388280446843
,7.417356391670182e-05,346,,0.15468648076057434,,0.15374138951301575,21849,,0.3085020362287382
5.967087054159492e-05,,346,0.15419606864452362,,0.15423499047756195,,21860,0.30849073661024307,
,4.5792661694576964e-05,347,,0.15497860312461853,,0.15345165133476257,21899,,0.3084760376413445
3.9425463910447434e-05,,347,0.1541609764099121,,0.15426865220069885,,21923,0.30846908191406663,
,8.749033440835774e-05,348,,0.15284743905067444,,0.15558525919914246,21949,,0.3085201850802095
0.00020783100626431406,,348,0.15415790677070618,,0.15428794920444489,,21986,0.30865371465693686,
,0.0006186455138958991,349,,0.14985747635364532,,0.1587280035018921,21999,,0.309204120920455
,0.0002162411401513964,349,,0.15379072725772858,,0.15463508665561676,22049,,0.30864206385788245
0.0007363859913311899,,349,0.15395601093769073,,0.15454071760177612,,22049,0.3092331352502525,
,0.00016500971105415374,350,,0.15464209020137787,,0.15378440916538239,22099,,0.3085915067698436
0.00015559641178697348,,350,0.15394103527069092,,0.15451017022132874,,22112,0.3086067769948062,
,0.00012502307072281837,351,,0.1529684066772461,,0.15546222031116486,22149,,0.30855565116867856
5.1157410780433565e-05,,351,0.15405285358428955,,0.15437623858451843,,22175,0.30848030316563424,
,4.071960938745178e-05,352,,0.1536102294921875,,0.1548161506652832,22199,,0.30846709515910925
3.767047746805474e-05,,352,0.1541534811258316,,0.1542733758687973,,22238,0.30846452469582625,
,4.127719148527831e-05,353,,0.15348383784294128,,0.15494480729103088,22249,,0.30846992011877933
,2.6549279937171377e-05,353,,0.15462492406368256,,0.1538020223379135,22299,,0.3084534837179582
4.7402569180121645e-05,,353,0.1541578471660614,,0.15426982939243317,,22301,0.30847506401823016,
,5.300595148582943e-05,354,,0.1545988768339157,,0.15382811427116394,22349,,0.30847999716046465
4.621300467988476e-05,,354,0.15414106845855713,,0.15428708493709564,,22364,0.3084744042933874,
,4.254813393345103e-05,355,,0.15427754819393158,,0.15414761006832123,22399,,0.3084677079102125
4.980432640877552e-05,,355,0.15419591963291168,,0.15423209965229034,,22427,0.30847783153619285,
,5.894167406950146e-05,356,,0.15515191853046417,,0.1532837301492691,22449,,0.30849459313915534
0.0001359879970550537,,356,0.15416094660758972,,0.15427453815937042,,22490,0.30857149104476905,
,7.410480611724779e-05,357,,0.1562674343585968,,0.1521766632795334,22499,,0.30851820463931195
,6.510419916594401e-05,357,,0.15408390760421753,,0.15434134006500244,22549,,0.30849034681887927
5.5241489462787285e-05,,357,0.15414462983608246,,0.15428781509399414,,22553,0.3084877020629599,
,7.473590812878683e-05,358,,0.1573481261730194,,0.15110903978347778,22599,,0.3085318944821436
0.00012950519158039242,,358,0.15408866107463837,,0.15435519814491272,,22616,0.3085733902749321,
,9.77228773990646e-05,359,,0.1544419527053833,,0.15399470925331116,22649,,0.308534381715336
7.601003017043695e-05,,359,0.1542041301727295,,0.1542271375656128,,22679,0.3085072765262271,
,5.0564834964461625e-05,360,,0.1550508439540863,,0.1533774435520172,22699,,0.3084788487668632
5.0044622184941545e-05,,360,0.15417800843715668,,0.15425117313861847,,22742,0.3084792172078766,
,1.7259693777305074e-05,361,,0.155072882771492,,0.153354674577713,22749,,0.30844480276452196
,0.00011555661330930889,361,,0.15330350399017334,,0.15513820946216583,22799,,0.3085572698389328
4.676776006817818e-05,,361,0.1541575789451599,,0.15427061915397644,,22805,0.3084749594013957,
,7.729438220849261e-05,362,,0.1553886979818344,,0.15304943919181824,22849,,0.3085154374609775
0.00010303682938683778,,362,0.1541728526353836,,0.1542617678642273,,22868,0.3085376392452087,
,5.367729318095371e-05,363,,0.15226803719997406,,0.15616944432258606,22899,,0.30849115334223537
0.0001033314474625513,,363,0.1541435271501541,,0.15429092943668365,,22931,0.30853780675026116,
,0.00013194017810747027,364,,0.15352150797843933,,0.15492534637451172,22949,,0.30857878882475615
0.00021303450921550393,,364,0.15411251783370972,,0.15434004366397858,,22994,0.30866559444640035,
,0.00011524085857672617,365,,0.15114833414554596,,0.15730848908424377,22999,,0.3085720616390081
,5.365187462302856e-05,365,,0.1542215645313263,,0.1542036384344101,23049,,0.3084788461642384
9.531396790407598e-05,,365,0.154067724943161,,0.15436628460884094,,23057,0.30852935980388146,
,3.3651980629656464e-05,366,,0.15488964319229126,,0.15353704988956451,23099,,0.30846034935116134
2.9264043405419216e-05,,366,0.15417695045471191,,0.15425047278404236,,23120,0.30845667701411256,
,2.7032852813135833e-05,367,,0.15382371842861176,,0.15460194647312164,23149,,0.3084526964408381
2.6060137315653265e-05,,367,0.15418867766857147,,0.1542382687330246,,23183,0.30845302255948703,
,4.981685196980834e-05,368,,0.15397503972053528,,0.15445561707019806,23199,,0.30848048409792206
3.320540417917073e-05,,368,0.1541692465543747,,0.15425826609134674,,23246,0.30846074569514426,
,4.742822784464806e-05,369,,0.15420259535312653,,0.15422624349594116,23249,,0.3084762549610376
,0.00011451372847659513,369,,0.15498992800712585,,0.1534470021724701,23299,,0.30855144766496045
9.017015690915287e-05,,369,0.15413056313991547,,0.1543012261390686,,23309,0.30852195056932935,
,8.194278052542359e-05,370,,0.15437698364257812,,0.15407218039035797,23349,,0.3085311167331719
0.00015683862147852778,,370,0.1541481912136078,,0.15429022908210754,,23372,0.30859524158374596,
,7.926680700620636e-05,371,,0.1537611186504364,,0.15466488897800446,23399,,0.30850527794327215
0.0001335995621047914,,371,0.15411116182804108,,0.15432573854923248,,23435,0.30857052023493825,
,6.848420161986724e-05,372,,0.15489722788333893,,0.15355345606803894,23449,,0.3085191538073605
0.00010121565719600767,,372,0.1541283279657364,,0.15430788695812225,,23498,0.3085374243075197,
,1.7712725821183994e-05,373,,0.15473172068595886,,0.1536952555179596,23499,,0.30844469692945
,9.012399095809087e-05,373,,0.1554647535085678,,0.1529654562473297,23549,,0.30852033279578606
4.9160258640768006e-05,,373,0.15416517853736877,,0.15426325798034668,,23561,0.3084775763910251,
,1.670614437898621e-05,374,,0.1548009067773819,,0.15362536907196045,23599,,0.308442975445426
3.7482652260223404e-05,,374,0.1541731208562851,,0.15425443649291992,,23624,0.30846506502004034,
,1.3467657481669448e-05,375,,0.15445834398269653,,0.15396860241889954,23649,,0.3084404170236622
2.2978574634180404e-05,,375,0.1542104035615921,,0.15421636402606964,,23687,0.30844973980130164,
,2.3966536900843494e-05,376,,0.15402193367481232,,0.1544036567211151,23699,,0.3084495427878825
,1.7347047105431557e-05,376,,0.1559404730796814,,0.15249742567539215,23749,,0.3084552328542729
3.630299397627823e-05,,376,0.15418043732643127,,0.1542474627494812,,23750,0.30846420229046534,
,2.8345548344077542e-05,377,,0.15395143628120422,,0.1544744372367859,23799,,0.3084542156046413
3.2421281503047794e-05,,377,0.15417997539043427,,0.15424755215644836,,23813,0.3084599579228966,
,4.555380655801855e-05,378,,0.15469209849834442,,0.15373645722866058,23849,,0.3084741062757173
5.5226340919034556e-05,,378,0.15418602526187897,,0.154244527220726,,23876,0.30848575501144027,
,6.394552474375814e-05,379,,0.15316718816757202,,0.15526409447193146,23899,,0.30849523138297386
8.04198716650717e-05,,379,0.15414631366729736,,0.15428577363491058,,23939,0.3085124947460323,
,0.00021831528283655643,380,,0.1554058939218521,,0.15302763879299164,23949,,0.30865184600591156
,0.00023346405941992998,380,,0.1538049578666687,,0.15467335283756256,23999,,0.30871178017517215
0.00019402884936425835,,380,0.15410436689853668,,0.1543397307395935,,24002,0.3086380983078857,
,0.00013590292655862868,381,,0.1533883959054947,,0.15503904223442078,24049,,0.3085633305843613
0.00011702624760800973,,381,0.15411193668842316,,0.15432295203208923,,24065,0.3085519478157254,
,2.1628384274663404e-05,382,,0.1555539220571518,,0.1528780162334442,24099,,0.30845356612870584
6.067286085453816e-05,,382,0.1541723906993866,,0.15425893664360046,,24128,0.30849207014366353,
,2.3262913600774482e-05,383,,0.1545151323080063,,0.15391084551811218,24149,,0.30844923579109146
3.128271418972872e-05,,383,0.154180109500885,,0.15424785017967224,,24191,0.3084592102761094,
,3.3096264814957976e-05,384,,0.1554572880268097,,0.15298017859458923,24199,,0.3084705602583015
,0.0001334179687546566,384,,0.1540524810552597,,0.15437281131744385,24249,,0.30855871602937895
5.00357746204827e-05,,384,0.15418244898319244,,0.1542493999004364,,24254,0.3084818591813209,
,1.4690730495203752e-05,385,,0.15501762926578522,,0.153413787484169,24299,,0.3084461184893229
4.1975574276875705e-05,,385,0.1541386991739273,,0.1542906016111374,,24317,0.30847127389180495,
,4.9752135964808986e-05,386,,0.15452085435390472,,0.15390586853027344,24349,,0.30847647241261683
7.316061237361282e-05,,386,0.15418456494808197,,0.1542442888021469,,24380,0.3085020378456575,
,0.00013766574556939304,387,,0.1577359288930893,,0.15073031187057495,24399,,0.3086039025903344
8.000915113370866e-05,,387,0.15417495369911194,,0.15425676107406616,,24443,0.30851175603740594,
,4.148856532992795e-05,388,,0.15350818634033203,,0.15492716431617737,24449,,0.3084768377838651
,9.130862599704415e-05,388,,0.15610383450984955,,0.1523352563381195,24499,,0.3085304042550246
6.868880154797807e-05,,388,0.15407797694206238,,0.15435898303985596,,24506,0.3085056749843065,
,0.00010502281656954437,389,,0.15411585569381714,,0.15430931746959686,24549,,0.30853020706161005
6.13145311945118e-05,,389,0.15419626235961914,,0.15423280000686646,,24569,0.30849038417444063,
,3.1729057809570804e-05,390,,0.15452241897583008,,0.15390458703041077,24599,,0.3084587416976419
3.0683077056892216e-05,,390,0.15418988466262817,,0.15423811972141266,,24632,0.30845873310523336,
,0.0001016376045299694,391,,0.15205730497837067,,0.15638427436351776,24649,,0.30854321289106174
9.240844519808888e-05,,391,0.15418072044849396,,0.15425105392932892,,24695,0.3085241745253807,
,0.0002590250223875046,392,,0.15333542227745056,,0.15509222447872162,24699,,0.3086866653469093
,5.283943755785003e-05,392,,0.15478162467479706,,0.15365023910999298,24749,,0.30848469623738406
0.00012182755017420277,,392,0.15412753820419312,,0.15431170165538788,,24758,0.30856108037607805,
,5.950468039372936e-05,393,,0.15356825292110443,,0.1548590362071991,24799,,0.3084867992218754
6.769088940927759e-05,,393,0.1541506052017212,,0.15428218245506287,,24821,0.3085004715347219,
,8.764336234889925e-05,394,,0.15366406738758087,,0.1547650545835495,24849,,0.30851675941477247
0.00013909013068769127,,394,0.15416154265403748,,0.15427960455417633,,24884,0.30858021888907505,
,6.587806274183095e-05,395,,0.15407207608222961,,0.1543540209531784,24899,,0.30849197898993286
7.728629861958325e-05,,395,0.15409043431282043,,0.15434427559375763,,24947,0.3085119951075175,
,4.336809797678143e-05,396,,0.15503905713558197,,0.15338851511478424,24949,,0.3084709333677826
,0.0001630070764804259,396,,0.15509897470474243,,0.1533338576555252,24999,,0.30859583705838434
7.79814290581271e-05,,396,0.15420211851596832,,0.15422837436199188,,25010,0.3085084639063384,
,4.459993215277791e-05,397,,0.15384173393249512,,0.15458768606185913,25049,,0.30847401128241014
4.401323167257942e-05,,397,0.15411417186260223,,0.15431423485279083,,25073,0.30847241399326036,
,1.9310260540805757e-05,398,,0.153594508767128,,0.15483339130878448,25099,,0.30844720640774825
4.160699972999282e-05,,398,0.1542077511548996,,0.15422073006629944,,25136,0.3084700818732301,
,2.8771028155460954e-05,399,,0.1540052592754364,,0.15442302823066711,25149,,0.30845705878065877
,9.009354835143313e-05,399,,0.15472081303596497,,0.1537056565284729,25199,,0.30851656533813787
4.9924899940378964e-05,,399,0.15419845283031464,,0.15422970056533813,,25199,0.30847809711089186,
